name,day,section_list
,1,-
,2,-
,3,-
,4,-
,5,-
,6,-
,7,-
体育馆1号附馆训练馆,1,-
体育馆1号附馆训练馆,2,-
体育馆1号附馆训练馆,3,-
体育馆1号附馆训练馆,4,-3-4-6-7-8-9-
体育馆1号附馆训练馆,5,-
体育馆1号附馆训练馆,6,-
体育馆1号附馆训练馆,7,-
体育馆3号附馆,1,-6-7-8-9-
体育馆3号附馆,2,-3-4-6-7-8-9-
体育馆3号附馆,3,-8-9-
体育馆3号附馆,4,-
体育馆3号附馆,5,-3-4-6-7-
体育馆3号附馆,6,-
体育馆3号附馆,7,-
体育馆4号附馆一楼健美房,1,-3-4-
体育馆4号附馆一楼健美房,2,-3-4-6-7-8-9-
体育馆4号附馆一楼健美房,3,-
体育馆4号附馆一楼健美房,4,-
体育馆4号附馆一楼健美房,5,-
体育馆4号附馆一楼健美房,6,-
体育馆4号附馆一楼健美房,7,-
体育馆4号附馆一楼健美操房,1,-6-7-8-9-
体育馆4号附馆一楼健美操房,2,-3-4-6-7-8-9-
体育馆4号附馆一楼健美操房,3,-
体育馆4号附馆一楼健美操房,4,-3-4-
体育馆4号附馆一楼健美操房,5,-
体育馆4号附馆一楼健美操房,6,-
体育馆4号附馆一楼健美操房,7,-
体育馆4号附馆一楼武术馆,1,-6-7-8-9-
体育馆4号附馆一楼武术馆,2,-3-4-6-7-
体育馆4号附馆一楼武术馆,3,-11-12-
体育馆4号附馆一楼武术馆,4,-3-4-6-7-
体育馆4号附馆一楼武术馆,5,-
体育馆4号附馆一楼武术馆,6,-
体育馆4号附馆一楼武术馆,7,-
体育馆4号附馆一楼瑜伽馆,1,-
体育馆4号附馆一楼瑜伽馆,2,-3-4-6-7-8-9-
体育馆4号附馆一楼瑜伽馆,3,-8-9-
体育馆4号附馆一楼瑜伽馆,4,-
体育馆4号附馆一楼瑜伽馆,5,-3-4-6-7-8-9-
体育馆4号附馆一楼瑜伽馆,6,-
体育馆4号附馆一楼瑜伽馆,7,-
体育馆4号附馆二楼乒乓室,1,-3-4-6-7-
体育馆4号附馆二楼乒乓室,2,-3-4-6-7-8-9-
体育馆4号附馆二楼乒乓室,3,-8-9-
体育馆4号附馆二楼乒乓室,4,-3-4-6-7-
体育馆4号附馆二楼乒乓室,5,-3-4-6-7-8-9-
体育馆4号附馆二楼乒乓室,6,-
体育馆4号附馆二楼乒乓室,7,-
手球场,1,-
手球场,2,-
手球场,3,-8-9-
手球场,4,-3-4-6-7-8-9-
手球场,5,-
手球场,6,-
手球场,7,-
教一-102,1,-1-2-3-4-6-7-8-9-11-12-13-
教一-102,2,-1-2-3-4-6-7-8-9-10-11-12-13-
教一-102,3,-1-2-3-4-5-6-7-8-9-11-12-
教一-102,4,-1-2-3-4-5-6-7-8-11-12-13-
教一-102,5,-1-2-3-4-6-7-8-9-
教一-102,6,-3-4-
教一-102,7,-
教一-103,1,-1-2-3-4-5-6-7-11-12-13-
教一-103,2,-3-4-5-6-7-8-
教一-103,3,-1-2-6-7-8-11-12-
教一-103,4,-3-4-5-6-7-11-12-13-
教一-103,5,-1-2-6-7-
教一-103,6,-
教一-103,7,-
教一-105,1,-1-2-3-4-5-6-7-8-
教一-105,2,-6-7-
教一-105,3,-1-2-3-4-6-7-8-11-12-
教一-105,4,-1-2-3-4-5-6-7-11-12-13-
教一-105,5,-3-4-6-7-8-9-
教一-105,6,-
教一-105,7,-
教一-107,1,-1-2-3-4-6-7-8-9-
教一-107,2,-3-4-6-7-8-9-
教一-107,3,-1-2-3-4-6-7-8-9-11-12-
教一-107,4,-1-2-3-4-6-7-8-9-
教一-107,5,-1-2-3-4-6-7-11-12-13-
教一-107,6,-
教一-107,7,-
教一-109,1,-
教一-109,2,-8-9-
教一-109,3,-11-12-
教一-109,4,-
教一-109,5,-
教一-109,6,-
教一-109,7,-
教一-200,1,-1-2-3-4-11-12-
教一-200,2,-3-4-5-6-7-8-9-11-12-
教一-200,3,-3-4-6-7-11-12-
教一-200,4,-3-4-6-7-8-
教一-200,5,-3-4-6-7-11-12-13-
教一-200,6,-
教一-200,7,-
教一-201,1,-1-2-3-4-6-7-11-12-13-
教一-201,2,-1-2-3-4-6-7-8-9-11-12-13-
教一-201,3,-3-4-6-7-11-12-
教一-201,4,-3-4-6-7-
教一-201,5,-3-4-6-7-
教一-201,6,-
教一-201,7,-
教一-202,1,-1-2-3-4-6-7-8-9-11-12-13-
教一-202,2,-1-2-3-4-6-7-11-12-13-
教一-202,3,-3-4-6-7-8-
教一-202,4,-3-4-6-7-11-12-13-
教一-202,5,-1-2-3-4-5-6-7-8-9-
教一-202,6,-
教一-202,7,-
教一-203,1,-1-2-3-4-5-6-7-8-9-
教一-203,2,-3-4-6-7-8-9-
教一-203,3,-3-4-6-7-11-12-
教一-203,4,-1-2-3-4-5-
教一-203,5,-1-2-3-4-6-7-
教一-203,6,-
教一-203,7,-
教一-204,1,-1-2-3-4-6-7-8-9-10-
教一-204,2,-1-2-3-4-5-6-7-8-9-10-11-12-13-
教一-204,3,-3-4-5-6-7-
教一-204,4,-1-2-3-4-6-7-11-12-13-
教一-204,5,-3-4-5-6-7-8-
教一-204,6,-2-3-4-5-6-7-8-9-11-12-
教一-204,7,-2-3-4-5-
教一-205,1,-3-4-6-7-8-9-
教一-205,2,-6-7-11-12-13-
教一-205,3,-3-4-5-6-7-8-
教一-205,4,-3-4-5-6-7-
教一-205,5,-1-2-3-6-7-8-9-
教一-205,6,-
教一-205,7,-
教一-206,1,-1-2-3-4-6-7-8-9-11-12-13-
教一-206,2,-3-4-6-7-8-9-10-11-12-13-
教一-206,3,-1-2-3-4-5-6-7-8-9-10-
教一-206,4,-1-2-3-4-8-9-11-12-13-
教一-206,5,-1-2-3-4-6-7-8-9-10-
教一-206,6,-2-3-4-5-
教一-206,7,-
教一-207,1,-1-2-3-4-5-6-7-8-9-
教一-207,2,-3-4-6-7-8-9-
教一-207,3,-3-4-6-7-8-
教一-207,4,-1-2-3-4-6-7-8-9-
教一-207,5,-1-2-3-4-6-7-
教一-207,6,-
教一-207,7,-
教一-208,1,-6-7-8-
教一-208,2,-
教一-208,3,-3-4-5-
教一-208,4,-3-4-5-
教一-208,5,-9-10-
教一-208,6,-
教一-208,7,-
教一-209,1,-1-2-6-7-
教一-209,2,-1-2-3-4-6-7-8-9-
教一-209,3,-1-2-6-7-8-9-
教一-209,4,-3-4-6-7-
教一-209,5,-3-4-6-7-
教一-209,6,-
教一-209,7,-
教一-211,1,-1-2-3-4-
教一-211,2,-1-2-
教一-211,3,-1-2-3-4-
教一-211,4,-3-4-
教一-211,5,-1-2-3-4-6-7-
教一-211,6,-
教一-211,7,-
教一-300,1,-3-4-6-7-8-
教一-300,2,-3-4-5-11-12-13-
教一-300,3,-1-2-3-4-6-7-
教一-300,4,-3-4-6-7-8-
教一-300,5,-3-4-5-6-7-
教一-300,6,-
教一-300,7,-
教一-301,1,-1-2-3-4-6-7-
教一-301,2,-1-2-3-4-6-7-11-12-13-
教一-301,3,-3-4-6-7-11-12-
教一-301,4,-3-4-6-7-8-9-10-
教一-301,5,-3-4-5-6-7-8-9-
教一-301,6,-
教一-301,7,-
教一-302,1,-1-2-3-4-5-6-7-11-12-13-
教一-302,2,-1-2-6-7-11-12-13-
教一-302,3,-3-4-5-6-7-8-
教一-302,4,-3-4-5-6-7-8-11-12-13-
教一-302,5,-3-4-6-7-
教一-302,6,-
教一-302,7,-
教一-303,1,-3-4-6-7-
教一-303,2,-3-4-5-6-7-8-9-
教一-303,3,-3-4-5-6-7-8-
教一-303,4,-1-2-3-4-6-7-
教一-303,5,-1-2-3-4-6-7-
教一-303,6,-
教一-303,7,-
教一-304,1,-1-2-3-4-6-7-11-12-13-
教一-304,2,-1-2-3-4-6-7-8-9-11-12-13-
教一-304,3,-1-2-3-4-6-7-8-9-
教一-304,4,-1-2-3-4-5-6-7-
教一-304,5,-1-2-3-4-6-7-
教一-304,6,-
教一-304,7,-
教一-305,1,-3-4-5-6-7-8-
教一-305,2,-3-4-6-7-
教一-305,3,-3-4-6-7-8-
教一-305,4,-3-4-
教一-305,5,-3-4-
教一-305,6,-
教一-305,7,-
教一-306,1,-1-2-3-4-6-7-11-12-13-
教一-306,2,-1-2-3-4-6-7-8-9-11-12-13-
教一-306,3,-3-4-8-9-
教一-306,4,-3-4-6-7-11-12-13-
教一-306,5,-3-4-6-7-8-9-
教一-306,6,-
教一-306,7,-
教一-307,1,-3-4-6-7-8-9-
教一-307,2,-3-4-5-6-7-8-9-
教一-307,3,-3-4-5-6-7-
教一-307,4,-1-2-3-4-6-7-
教一-307,5,-1-2-3-4-6-7-8-
教一-307,6,-
教一-307,7,-
教一-308,1,-1-2-3-4-5-6-7-
教一-308,2,-
教一-308,3,-3-4-5-6-7-8-
教一-308,4,-3-4-
教一-308,5,-
教一-308,6,-
教一-308,7,-
教一-309,1,-1-2-3-4-6-7-
教一-309,2,-3-4-5-6-7-8-
教一-309,3,-3-4-6-7-
教一-309,4,-1-2-3-4-6-7-
教一-309,5,-3-4-6-7-
教一-309,6,-
教一-309,7,-
教一-311,1,-1-2-
教一-311,2,-1-2-3-4-
教一-311,3,-1-2-3-4-
教一-311,4,-3-4-
教一-311,5,-1-2-
教一-311,6,-
教一-311,7,-
教一-400,1,-1-2-3-4-5-8-9-
教一-400,2,-3-4-5-6-7-
教一-400,3,-3-4-5-
教一-400,4,-3-4-6-7-11-12-13-
教一-400,5,-3-4-5-6-7-
教一-400,6,-
教一-400,7,-
教一-401,1,-1-2-3-4-5-6-7-8-9-
教一-401,2,-1-2-3-4-6-7-8-9-
教一-401,3,-1-2-3-4-6-7-8-9-
教一-401,4,-1-2-3-4-6-7-8-9-
教一-401,5,-1-2-3-4-6-7-
教一-401,6,-
教一-401,7,-
教一-402,1,-1-2-3-4-5-6-7-11-12-13-
教一-402,2,-1-2-3-4-5-6-7-11-12-13-
教一-402,3,-3-4-5-6-7-8-
教一-402,4,-1-2-3-4-6-7-
教一-402,5,-1-2-3-4-6-7-
教一-402,6,-
教一-402,7,-
教一-403,1,-1-2-3-4-6-7-8-9-
教一-403,2,-3-4-6-7-8-
教一-403,3,-1-2-3-4-6-7-
教一-403,4,-3-4-6-7-8-9-
教一-403,5,-1-2-3-4-6-7-
教一-403,6,-
教一-403,7,-
教一-404,1,-1-2-3-4-6-7-8-9-11-12-13-
教一-404,2,-1-2-3-4-5-6-7-
教一-404,3,-3-4-5-6-7-
教一-404,4,-1-2-3-4-6-7-8-11-12-13-
教一-404,5,-1-2-3-4-6-7-
教一-404,6,-
教一-404,7,-
教一-405,1,-3-4-6-7-
教一-405,2,-3-4-6-7-
教一-405,3,-6-7-
教一-405,4,-3-4-6-7-8-9-
教一-405,5,-6-7-
教一-405,6,-
教一-405,7,-
教一-406,1,-1-2-3-4-5-6-7-11-12-13-
教一-406,2,-3-4-5-6-7-8-9-
教一-406,3,-3-4-5-6-7-8-
教一-406,4,-3-4-6-7-
教一-406,5,-1-2-3-6-7-
教一-406,6,-
教一-406,7,-
教一-407,1,-1-2-3-4-5-
教一-407,2,-3-4-6-7-8-9-
教一-407,3,-3-4-6-7-8-
教一-407,4,-1-2-3-4-6-7-
教一-407,5,-1-2-3-4-5-6-7-
教一-407,6,-
教一-407,7,-
教一-408,1,-1-2-3-4-5-6-7-8-9-11-12-13-
教一-408,2,-1-2-3-4-6-7-8-
教一-408,3,-1-2-3-4-5-6-7-8-
教一-408,4,-1-2-3-4-6-7-8-11-12-13-
教一-408,5,-3-4-6-7-
教一-408,6,-
教一-408,7,-
教一-409A,1,-6-7-
教一-409A,2,-
教一-409A,3,-
教一-409A,4,-
教一-409A,5,-
教一-409A,6,-
教一-409A,7,-
教一-500,1,-3-4-5-6-7-
教一-500,2,-3-4-5-6-7-
教一-500,3,-3-4-6-7-
教一-500,4,-1-2-3-4-5-6-7-11-12-13-
教一-500,5,-3-4-5-
教一-500,6,-
教一-500,7,-
教一-501,1,-1-2-3-4-5-6-7-8-9-
教一-501,2,-3-4-
教一-501,3,-3-4-6-7-8-9-
教一-501,4,-3-4-6-7-
教一-501,5,-1-2-3-4-6-7-
教一-501,6,-
教一-501,7,-
教一-502,1,-1-2-3-4-5-6-7-8-9-11-12-13-
教一-502,2,-1-2-3-4-6-7-8-9-11-12-13-
教一-502,3,-3-4-6-7-8-
教一-502,4,-1-2-3-4-6-7-
教一-502,5,-1-2-3-4-6-7-11-12-13-
教一-502,6,-
教一-502,7,-
教一-503,1,-1-2-3-4-5-6-7-
教一-503,2,-3-4-6-7-8-9-
教一-503,3,-3-4-
教一-503,4,-1-2-3-4-6-7-
教一-503,5,-1-2-6-7-
教一-503,6,-
教一-503,7,-
教一-504,1,-1-2-3-4-6-7-8-9-11-12-13-
教一-504,2,-1-2-3-4-5-6-7-8-11-12-13-
教一-504,3,-1-2-3-4-5-6-7-
教一-504,4,-1-2-3-4-6-7-
教一-504,5,-1-2-3-4-5-8-9-10-
教一-504,6,-
教一-504,7,-
教一-505,1,-3-4-6-7-
教一-505,2,-1-2-3-4-5-6-7-8-
教一-505,3,-3-4-6-7-
教一-505,4,-3-4-6-7-8-
教一-505,5,-3-4-5-6-7-
教一-505,6,-
教一-505,7,-
教一-506,1,-3-4-6-7-
教一-506,2,-3-4-6-7-8-9-
教一-506,3,-1-2-3-4-
教一-506,4,-1-2-3-4-6-7-8-
教一-506,5,-1-2-3-4-6-7-11-12-13-
教一-506,6,-
教一-506,7,-
教一-507,1,-3-4-6-7-
教一-507,2,-3-4-6-7-9-10-
教一-507,3,-3-4-6-7-8-
教一-507,4,-1-2-3-4-6-7-
教一-507,5,-1-2-3-4-5-6-7-
教一-507,6,-
教一-507,7,-
教一-508,1,-1-2-3-4-5-6-7-
教一-508,2,-3-4-5-6-7-11-12-13-
教一-508,3,-3-4-6-7-8-9-10-
教一-508,4,-1-2-3-4-6-7-
教一-508,5,-1-2-3-4-5-6-7-
教一-508,6,-
教一-508,7,-
教一-509,1,-3-4-6-7-
教一-509,2,-3-4-6-7-
教一-509,3,-3-4-
教一-509,4,-1-2-3-4-6-7-
教一-509,5,-1-2-3-4-6-7-
教一-509,6,-
教一-509,7,-
教七-103,1,-1-2-3-4-5-6-7-8-9-10-11-12-13-
教七-103,2,-1-2-3-4-6-7-8-9-10-
教七-103,3,-1-2-3-6-7-8-
教七-103,4,-3-4-5-6-7-11-12-13-
教七-103,5,-3-4-5-6-7-
教七-103,6,-
教七-103,7,-
教七-104,1,-3-4-5-6-7-8-
教七-104,2,-1-2-3-4-6-7-
教七-104,3,-1-2-3-4-5-6-7-8-11-12-13-
教七-104,4,-1-2-3-4-5-6-7-8-9-10-11-12-13-
教七-104,5,-6-7-
教七-104,6,-
教七-104,7,-
教七-105,1,-3-4-5-6-7-
教七-105,2,-1-2-4-5-6-7-8-9-10-
教七-105,3,-3-4-5-6-7-8-11-12-13-
教七-105,4,-1-2-3-4-5-6-7-8-
教七-105,5,-3-4-6-7-8-9-10-
教七-105,6,-
教七-105,7,-
教七-106,1,-3-4-5-6-7-8-9-
教七-106,2,-3-4-6-7-
教七-106,3,-3-4-6-7-8-11-12-13-
教七-106,4,-1-2-3-4-5-6-7-8-
教七-106,5,-3-4-6-7-8-9-10-
教七-106,6,-
教七-106,7,-
教七-107,1,-3-4-6-7-8-9-
教七-107,2,-3-4-6-7-8-9-
教七-107,3,-1-2-3-4-5-6-7-8-
教七-107,4,-1-2-3-4-6-7-8-11-12-13-
教七-107,5,-1-2-3-4-6-7-
教七-107,6,-
教七-107,7,-
教七-108,1,-3-4-6-7-8-
教七-108,2,-3-4-6-7-
教七-108,3,-3-4-5-6-7-8-
教七-108,4,-1-2-3-4-6-7-8-11-12-13-
教七-108,5,-1-2-3-4-6-7-8-
教七-108,6,-
教七-108,7,-
教七-109,1,-3-4-5-6-7-8-9-
教七-109,2,-3-4-6-7-
教七-109,3,-3-4-5-6-7-8-
教七-109,4,-1-2-3-4-6-7-11-12-13-
教七-109,5,-1-2-3-4-6-7-8-
教七-109,6,-
教七-109,7,-
教七-10A,1,-1-2-3-4-6-7-8-9-
教七-10A,2,-1-2-3-4-5-6-7-8-9-10-
教七-10A,3,-3-4-5-6-7-11-12-13-
教七-10A,4,-1-2-3-4-5-6-7-8-9-10-11-12-13-
教七-10A,5,-1-2-3-4-5-6-7-
教七-10A,6,-
教七-10A,7,-
教七-10B,1,-1-2-3-4-6-7-8-9-11-12-13-
教七-10B,2,-1-2-3-4-6-7-8-9-10-11-12-13-
教七-10B,3,-1-2-4-5-6-7-11-12-13-
教七-10B,4,-1-2-3-4-8-9-10-11-12-13-
教七-10B,5,-3-4-5-6-7-8-9-10-
教七-10B,6,-
教七-10B,7,-
教七-10C,1,-1-2-3-4-
教七-10C,2,-1-2-3-4-6-7-8-9-11-12-13-
教七-10C,3,-1-2-3-4-6-7-11-12-13-
教七-10C,4,-3-4-6-7-8-11-12-13-
教七-10C,5,-3-4-6-7-
教七-10C,6,-
教七-10C,7,-
教七-10D,1,-3-4-6-7-
教七-10D,2,-3-4-6-7-11-12-13-
教七-10D,3,-1-2-3-4-6-7-11-12-13-
教七-10D,4,-3-4-6-7-
教七-10D,5,-3-4-6-7-
教七-10D,6,-
教七-10D,7,-
教七-110,1,-3-4-5-6-7-8-9-
教七-110,2,-3-4-6-7-8-9-
教七-110,3,-3-4-5-6-7-8-
教七-110,4,-1-2-3-4-6-7-11-12-13-
教七-110,5,-3-4-6-7-
教七-110,6,-
教七-110,7,-
教七-203,1,-1-2-3-4-5-6-7-8-9-10-11-12-13-
教七-203,2,-3-4-6-7-8-9-10-11-12-13-
教七-203,3,-1-2-3-4-5-6-7-8-9-10-
教七-203,4,-3-4-6-7-8-9-10-11-12-13-
教七-203,5,-3-4-6-7-11-12-13-
教七-203,6,-
教七-203,7,-
教七-204,1,-1-2-3-4-5-6-7-8-9-10-11-12-13-
教七-204,2,-1-2-3-4-6-7-8-9-11-12-13-
教七-204,3,-1-2-3-4-5-6-7-8-9-10-
教七-204,4,-1-2-3-4-6-7-8-9-10-11-12-13-
教七-204,5,-3-4-6-7-
教七-204,6,-
教七-204,7,-
教七-205,1,-1-2-3-4-5-6-7-8-9-10-11-12-13-
教七-205,2,-1-2-3-4-5-6-7-8-9-11-12-13-
教七-205,3,-1-2-3-4-6-7-8-9-10-11-12-
教七-205,4,-1-2-3-4-8-9-10-11-12-13-
教七-205,5,-3-4-5-6-7-
教七-205,6,-
教七-205,7,-
教七-206,1,-1-2-3-4-6-7-8-9-11-12-13-
教七-206,2,-1-2-3-4-6-7-11-12-13-
教七-206,3,-1-2-3-4-8-9-
教七-206,4,-1-2-3-4-5-6-7-8-9-11-12-13-
教七-206,5,-3-4-6-7-8-
教七-206,6,-2-3-4-
教七-206,7,-
教七-207,1,-1-2-3-4-6-7-8-9-10-11-12-13-
教七-207,2,-1-2-3-4-5-6-7-8-9-10-11-12-13-
教七-207,3,-3-4-5-6-7-8-
教七-207,4,-1-2-3-4-6-7-11-12-13-
教七-207,5,-1-2-3-4-5-6-7-
教七-207,6,-
教七-207,7,-
教七-208,1,-1-2-3-4-5-6-7-11-12-13-
教七-208,2,-1-2-6-7-8-9-10-11-12-13-
教七-208,3,-3-4-6-7-
教七-208,4,-3-4-6-7-8-9-11-12-13-
教七-208,5,-1-2-3-4-6-7-
教七-208,6,-
教七-208,7,-
教七-209,1,-1-2-3-4-6-7-
教七-209,2,-3-4-6-7-8-9-11-12-13-
教七-209,3,-3-4-5-6-7-8-
教七-209,4,-1-2-3-4-6-7-11-12-13-
教七-209,5,-3-4-6-7-8-11-12-13-
教七-209,6,-
教七-209,7,-
教七-20A,1,-1-2-8-9-11-12-13-
教七-20A,2,-3-4-6-7-11-12-13-
教七-20A,3,-3-4-5-6-7-
教七-20A,4,-3-4-5-6-7-8-9-10-11-12-13-
教七-20A,5,-3-4-5-6-7-
教七-20A,6,-
教七-20A,7,-
教七-20B,1,-3-4-6-7-8-9-
教七-20B,2,-1-2-3-4-5-6-7-8-9-10-11-12-13-
教七-20B,3,-3-4-6-7-
教七-20B,4,-1-2-3-4-6-7-8-11-12-13-
教七-20B,5,-3-4-5-6-7-8-9-
教七-20B,6,-
教七-20B,7,-
教七-20C,1,-1-2-3-4-6-7-8-9-11-12-13-
教七-20C,2,-1-2-3-4-5-6-7-8-9-11-12-13-
教七-20C,3,-1-2-3-4-5-6-7-
教七-20C,4,-1-2-3-4-5-6-7-11-12-13-
教七-20C,5,-1-2-3-4-11-12-13-
教七-20C,6,-3-4-
教七-20C,7,-
教七-20D,1,-3-4-
教七-20D,2,-3-4-6-7-
教七-20D,3,-3-4-11-12-13-
教七-20D,4,-3-4-11-12-13-
教七-20D,5,-3-4-6-7-
教七-20D,6,-
教七-20D,7,-
教七-210,1,-1-2-3-4-6-7-11-12-13-
教七-210,2,-3-4-5-6-7-8-9-10-11-12-13-
教七-210,3,-1-2-3-4-5-6-7-
教七-210,4,-1-2-3-4-6-7-11-12-13-
教七-210,5,-3-4-6-7-8-
教七-210,6,-
教七-210,7,-
教七-303,1,-1-2-3-4-6-7-8-9-
教七-303,2,-1-2-3-4-6-7-8-9-
教七-303,3,-1-2-3-4-6-7-8-
教七-303,4,-3-4-6-7-8-9-
教七-303,5,-1-2-3-4-6-7-8-9-
教七-303,6,-
教七-303,7,-
教七-304,1,-3-4-6-7-8-9-
教七-304,2,-3-4-6-7-8-9-
教七-304,3,-3-4-6-7-
教七-304,4,-3-4-5-6-7-8-
教七-304,5,-3-4-6-7-8-9-
教七-304,6,-
教七-304,7,-
教七-305,1,-3-4-5-6-7-8-9-
教七-305,2,-1-2-3-4-6-7-8-9-
教七-305,3,-1-2-3-4-6-7-8-
教七-305,4,-3-4-6-7-8-9-
教七-305,5,-3-4-6-7-8-9-
教七-305,6,-
教七-305,7,-
教七-306,1,-1-2-6-7-8-9-
教七-306,2,-3-4-6-7-8-9-
教七-306,3,-1-2-3-4-
教七-306,4,-1-2-3-4-6-7-
教七-306,5,-1-2-3-4-6-7-8-9-
教七-306,6,-
教七-306,7,-
教七-307,1,-1-2-3-4-6-7-8-9-
教七-307,2,-1-2-3-4-6-7-8-9-
教七-307,3,-1-2-3-4-6-7-
教七-307,4,-3-4-6-7-8-9-
教七-307,5,-1-2-3-4-
教七-307,6,-
教七-307,7,-
教七-30A,1,-1-2-3-4-5-6-7-8-9-
教七-30A,2,-3-4-5-6-7-8-9-11-12-13-
教七-30A,3,-3-4-5-6-7-
教七-30A,4,-1-2-3-4-6-7-11-12-13-
教七-30A,5,-3-4-6-7-
教七-30A,6,-
教七-30A,7,-
教七-30B,1,-3-4-6-7-8-9-
教七-30B,2,-3-4-6-7-8-9-11-12-13-
教七-30B,3,-3-4-6-7-
教七-30B,4,-1-2-3-4-8-9-11-12-13-
教七-30B,5,-1-2-3-4-6-7-
教七-30B,6,-
教七-30B,7,-
教七-30C,1,-1-2-3-4-6-7-8-
教七-30C,2,-1-2-3-4-6-7-8-9-11-12-13-
教七-30C,3,-3-4-5-6-7-8-9-10-
教七-30C,4,-1-2-3-4-6-7-8-11-12-13-
教七-30C,5,-1-2-3-4-6-7-
教七-30C,6,-
教七-30C,7,-
教七-30D,1,-6-7-8-9-
教七-30D,2,-3-4-
教七-30D,3,-3-4-6-7-11-12-13-
教七-30D,4,-3-4-5-6-7-8-11-12-13-
教七-30D,5,-1-2-3-4-5-6-7-
教七-30D,6,-
教七-30D,7,-
教七-401,1,-1-2-
教七-401,2,-1-2-3-4-
教七-401,3,-3-4-5-
教七-401,4,-
教七-401,5,-
教七-401,6,-
教七-401,7,-
教七-403,1,-3-4-
教七-403,2,-3-4-
教七-403,3,-3-4-
教七-403,4,-1-2-6-7-
教七-403,5,-3-4-6-7-8-9-
教七-403,6,-
教七-403,7,-
教七-404,1,-1-2-
教七-404,2,-1-2-3-4-
教七-404,3,-3-4-
教七-404,4,-1-2-3-4-6-7-
教七-404,5,-1-2-3-4-6-7-
教七-404,6,-
教七-404,7,-
教七-405,1,-1-2-3-4-6-7-
教七-405,2,-6-7-
教七-405,3,-3-4-5-
教七-405,4,-6-7-
教七-405,5,-
教七-405,6,-
教七-405,7,-
教七-406,1,-1-2-3-4-6-7-8-9-10-
教七-406,2,-8-9-10-
教七-406,3,-1-2-
教七-406,4,-1-2-3-4-6-7-8-9-10-
教七-406,5,-
教七-406,6,-
教七-406,7,-
教七-407,1,-6-7-8-9-
教七-407,2,-1-2-
教七-407,3,-1-2-
教七-407,4,-3-4-6-7-8-9-
教七-407,5,-1-2-
教七-407,6,-
教七-407,7,-
教七-408,1,-1-2-3-4-6-7-
教七-408,2,-
教七-408,3,-1-2-3-4-5-
教七-408,4,-1-2-
教七-408,5,-1-2-3-4-6-7-
教七-408,6,-
教七-408,7,-
教七-409,1,-1-2-3-4-
教七-409,2,-3-4-6-7-
教七-409,3,-3-4-5-
教七-409,4,-1-2-3-4-6-7-
教七-409,5,-1-2-
教七-409,6,-
教七-409,7,-
教七-410,1,-1-2-3-4-
教七-410,2,-
教七-410,3,-1-2-3-4-5-
教七-410,4,-6-7-
教七-410,5,-
教七-410,6,-
教七-410,7,-
教七-501,1,-1-2-3-4-
教七-501,2,-6-7-
教七-501,3,-3-4-5-
教七-501,4,-3-4-6-7-
教七-501,5,-
教七-501,6,-
教七-501,7,-
教七-503,1,-1-2-6-7-
教七-503,2,-1-2-3-4-6-7-
教七-503,3,-3-4-
教七-503,4,-1-2-3-4-6-7-
教七-503,5,-3-4-6-7-
教七-503,6,-
教七-503,7,-
教七-505,1,-1-2-3-4-6-7-8-9-
教七-505,2,-1-2-
教七-505,3,-3-4-
教七-505,4,-3-4-5-6-7-8-
教七-505,5,-3-4-5-
教七-505,6,-
教七-505,7,-
教七-506,1,-1-2-3-4-6-7-
教七-506,2,-6-7-
教七-506,3,-
教七-506,4,-1-2-3-4-6-7-
教七-506,5,-
教七-506,6,-
教七-506,7,-
教七-507,1,-1-2-3-4-6-7-
教七-507,2,-
教七-507,3,-
教七-507,4,-1-2-3-4-6-7-
教七-507,5,-
教七-507,6,-
教七-507,7,-
教七-508,1,-1-2-3-4-6-7-
教七-508,2,-3-4-6-7-
教七-508,3,-
教七-508,4,-1-2-3-4-6-7-
教七-508,5,-1-2-
教七-508,6,-
教七-508,7,-
教七-509,1,-1-2-3-4-6-7-
教七-509,2,-1-2-3-4-6-7-
教七-509,3,-
教七-509,4,-1-2-3-4-6-7-
教七-509,5,-6-7-
教七-509,6,-
教七-509,7,-
教七-510,1,-1-2-3-4-6-7-
教七-510,2,-
教七-510,3,-
教七-510,4,-1-2-3-4-6-7-
教七-510,5,-
教七-510,6,-
教七-510,7,-
教三-101,1,-1-2-3-4-6-7-8-11-12-13-
教三-101,2,-1-2-3-4-6-7-8-9-10-11-12-13-
教三-101,3,-1-2-3-4-5-6-7-8-9-10-11-12-13-
教三-101,4,-1-2-3-4-6-7-8-9-10-11-12-13-
教三-101,5,-1-2-3-4-6-7-8-11-12-13-
教三-101,6,-
教三-101,7,-1-2-3-4-
教三-102,1,-1-2-3-4-6-7-8-9-10-11-12-
教三-102,2,-1-2-3-4-5-6-7-8-9-11-12-13-
教三-102,3,-1-2-3-4-5-6-7-8-9-10-11-12-13-
教三-102,4,-1-2-3-4-6-7-8-9-10-11-12-13-
教三-102,5,-1-2-3-4-6-7-8-9-10-11-12-13-
教三-102,6,-
教三-102,7,-3-4-5-
教三-103,1,-1-2-3-4-6-7-8-9-10-11-12-13-
教三-103,2,-1-2-3-4-5-6-7-8-9-10-11-12-13-
教三-103,3,-1-2-3-6-7-8-9-11-12-13-
教三-103,4,-1-2-3-4-6-7-8-9-10-
教三-103,5,-1-2-3-4-6-7-11-12-
教三-103,6,-6-7-8-9-
教三-103,7,-
教三-104,1,-1-2-3-4-6-7-11-12-
教三-104,2,-1-2-3-4-6-7-8-9-11-12-13-
教三-104,3,-1-2-3-4-5-6-7-8-9-10-11-12-13-
教三-104,4,-1-2-3-4-6-7-8-9-10-
教三-104,5,-1-2-3-4-6-7-
教三-104,6,-
教三-104,7,-
教三-201,1,-1-2-3-4-6-7-8-11-12-13-
教三-201,2,-1-2-3-4-6-7-8-9-10-11-12-13-
教三-201,3,-1-2-3-4-6-7-8-9-11-12-13-
教三-201,4,-1-2-3-4-6-7-8-9-11-12-13-
教三-201,5,-1-2-3-4-6-7-8-
教三-201,6,-
教三-201,7,-
教三-202,1,-3-4-6-7-8-9-11-12-13-
教三-202,2,-1-2-3-4-6-7-11-12-13-
教三-202,3,-1-2-3-4-6-7-8-9-10-11-12-13-
教三-202,4,-1-2-3-4-5-6-7-8-9-11-12-13-
教三-202,5,-3-4-6-7-
教三-202,6,-
教三-202,7,-6-7-8-
教三-203,1,-1-2-3-4-6-7-8-9-10-11-12-13-
教三-203,2,-3-4-6-7-11-12-13-
教三-203,3,-1-2-3-4-6-7-8-9-10-11-12-13-
教三-203,4,-1-2-3-4-5-6-7-8-9-10-11-12-13-
教三-203,5,-1-2-3-4-6-7-
教三-203,6,-3-4-
教三-203,7,-
教三-204,1,-1-2-3-4-5-6-7-8-9-11-12-13-
教三-204,2,-1-2-3-4-5-6-7-8-11-12-13-
教三-204,3,-1-2-4-5-6-7-8-11-12-13-
教三-204,4,-3-4-6-7-8-9-10-11-12-13-
教三-204,5,-1-2-3-4-5-6-7-
教三-204,6,-
教三-204,7,-
教三-205,1,-11-12-13-
教三-205,2,-1-2-3-4-6-7-
教三-205,3,-1-2-
教三-205,4,-3-4-
教三-205,5,-1-2-3-4-5-
教三-205,6,-
教三-205,7,-
教三-300,1,-1-2-3-4-6-7-8-11-12-13-
教三-300,2,-1-2-3-4-6-7-8-9-10-
教三-300,3,-1-2-3-6-7-
教三-300,4,-3-4-5-6-7-8-9-11-12-13-
教三-300,5,-3-4-5-6-7-8-
教三-300,6,-
教三-300,7,-
教三-301,1,-1-2-3-4-5-6-7-8-11-12-
教三-301,2,-1-2-3-4-6-7-8-11-12-13-
教三-301,3,-1-2-3-4-6-7-8-9-10-
教三-301,4,-3-4-6-7-8-11-12-13-
教三-301,5,-1-2-3-4-6-7-8-
教三-301,6,-3-4-
教三-301,7,-
教三-302,1,-1-2-3-4-5-6-7-8-
教三-302,2,-1-2-3-4-6-7-8-9-11-12-13-
教三-302,3,-1-2-3-4-6-7-8-9-
教三-302,4,-1-2-3-4-6-7-8-9-11-12-13-
教三-302,5,-3-4-6-7-
教三-302,6,-
教三-302,7,-
教三-303,1,-1-2-3-4-5-6-7-8-
教三-303,2,-1-2-3-4-6-7-11-12-13-
教三-303,3,-3-4-5-6-7-8-9-10-
教三-303,4,-1-2-3-4-6-7-8-11-12-13-
教三-303,5,-1-2-3-4-5-6-7-8-9-10-
教三-303,6,-
教三-303,7,-
教三-304,1,-3-4-5-6-7-8-11-12-13-
教三-304,2,-1-2-3-4-6-7-8-9-11-12-13-
教三-304,3,-3-4-5-6-7-8-9-10-
教三-304,4,-1-2-3-4-6-7-8-9-10-11-12-13-
教三-304,5,-1-2-3-4-6-7-
教三-304,6,-
教三-304,7,-
教三-305,1,-3-4-
教三-305,2,-1-2-
教三-305,3,-
教三-305,4,-3-4-
教三-305,5,-1-2-3-4-5-
教三-305,6,-
教三-305,7,-
教三-400,1,-3-4-5-6-7-8-11-12-13-
教三-400,2,-3-4-6-7-8-9-
教三-400,3,-1-2-3-
教三-400,4,-3-4-6-7-11-12-13-
教三-400,5,-1-2-3-4-6-7-
教三-400,6,-
教三-400,7,-
教三-401,1,-1-2-3-4-6-7-8-9-10-11-12-13-
教三-401,2,-1-2-3-4-6-7-8-9-10-11-12-13-
教三-401,3,-3-4-6-7-8-9-10-
教三-401,4,-1-2-3-4-6-7-8-11-12-13-
教三-401,5,-3-4-5-6-7-
教三-401,6,-
教三-401,7,-
教三-402,1,-6-7-8-9-10-11-12-13-
教三-402,2,-3-4-6-7-8-9-10-11-12-13-
教三-402,3,-1-2-3-4-6-7-8-
教三-402,4,-1-2-3-4-6-7-8-9-10-11-12-13-
教三-402,5,-1-2-3-4-6-7-
教三-402,6,-
教三-402,7,-
教三-403,1,-1-2-3-4-5-6-7-8-9-10-11-12-13-
教三-403,2,-3-4-6-7-11-12-13-
教三-403,3,-1-2-3-6-7-8-9-
教三-403,4,-1-2-3-4-6-7-8-11-12-13-
教三-403,5,-1-2-3-4-6-7-11-12-13-
教三-403,6,-
教三-403,7,-
教三-404,1,-3-4-6-7-11-12-13-
教三-404,2,-1-2-3-4-6-7-8-9-10-11-12-13-
教三-404,3,-3-4-5-6-7-
教三-404,4,-3-4-5-6-7-11-12-13-
教三-404,5,-3-4-6-7-
教三-404,6,-
教三-404,7,-
教三-501,1,-1-2-3-4-5-6-7-10-11-12-13-
教三-501,2,-3-4-5-6-7-8-9-11-12-13-
教三-501,3,-3-4-
教三-501,4,-1-2-3-4-6-7-11-12-13-
教三-501,5,-1-2-3-4-8-9-
教三-501,6,-1-2-3-4-6-7-8-11-12-
教三-501,7,-
教三-502,1,-11-12-13-
教三-502,2,-3-4-5-6-7-
教三-502,3,-
教三-502,4,-6-7-11-12-13-
教三-502,5,-3-4-
教三-502,6,-
教三-502,7,-
教三-503,1,-3-4-
教三-503,2,-3-4-5-6-7-8-9-11-12-
教三-503,3,-1-2-3-4-9-10-
教三-503,4,-3-4-5-
教三-503,5,-1-2-3-4-8-9-11-12-
教三-503,6,-
教三-503,7,-
教三-504,1,-
教三-504,2,-11-12-13-
教三-504,3,-
教三-504,4,-11-12-13-
教三-504,5,-
教三-504,6,-
教三-504,7,-
教二-101,1,-1-2-3-4-6-7-8-11-12-
教二-101,2,-1-2-3-4-6-7-8-11-12-
教二-101,3,-1-2-3-4-6-7-8-9-11-12-13-
教二-101,4,-1-2-3-4-5-6-7-8-
教二-101,5,-1-2-3-4-8-9-10-11-12-13-
教二-101,6,-3-4-6-7-
教二-101,7,-
教二-102,1,-1-2-6-7-8-9-11-12-
教二-102,2,-3-4-5-8-9-
教二-102,3,-1-2-3-4-6-7-
教二-102,4,-1-2-3-4-6-7-8-9-
教二-102,5,-8-9-
教二-102,6,-
教二-102,7,-
教二-103,1,-1-2-3-4-6-7-8-9-10-
教二-103,2,-1-2-3-4-6-7-8-9-10-11-12-
教二-103,3,-1-2-3-4-5-8-9-
教二-103,4,-1-2-3-4-6-7-8-9-10-11-12-13-
教二-103,5,-1-2-3-4-6-7-11-12-13-
教二-103,6,-2-3-4-
教二-103,7,-
教二-104,1,-1-2-3-4-6-7-8-9-11-12-
教二-104,2,-1-2-3-4-6-7-8-9-
教二-104,3,-1-2-3-4-5-6-7-11-12-13-
教二-104,4,-1-2-3-4-6-7-8-9-
教二-104,5,-1-2-3-4-6-7-8-9-
教二-104,6,-
教二-104,7,-
教二-105,1,-1-2-3-4-5-6-7-8-9-10-11-12-
教二-105,2,-1-2-3-4-6-7-8-9-10-
教二-105,3,-1-2-3-4-5-6-7-8-9-10-11-12-13-
教二-105,4,-3-4-5-6-7-8-9-10-
教二-105,5,-1-2-3-4-6-7-
教二-105,6,-3-4-
教二-105,7,-
教二-106,1,-1-2-3-4-6-7-8-9-11-12-
教二-106,2,-1-2-3-4-6-7-8-9-
教二-106,3,-1-2-3-4-6-7-8-9-
教二-106,4,-1-2-3-4-6-7-8-9-
教二-106,5,-1-2-3-4-6-7-
教二-106,6,-
教二-106,7,-
教二-107,1,-1-2-3-4-6-7-8-9-
教二-107,2,-1-2-3-4-6-7-8-9-10-11-12-
教二-107,3,-3-4-5-6-7-8-9-10-
教二-107,4,-1-2-3-4-6-7-8-9-
教二-107,5,-1-2-3-4-6-7-
教二-107,6,-1-2-3-4-5-6-7-8-9-10-11-12-
教二-107,7,-
教二-108,1,-1-2-3-4-6-7-8-9-
教二-108,2,-1-2-3-4-6-7-8-9-
教二-108,3,-1-2-3-4-6-7-8-9-
教二-108,4,-1-2-3-4-6-7-8-9-
教二-108,5,-1-2-3-4-6-7-
教二-108,6,-
教二-108,7,-
教二-109,1,-1-2-3-4-6-7-
教二-109,2,-1-2-
教二-109,3,-1-2-3-4-
教二-109,4,-3-4-
教二-109,5,-1-2-3-4-5-
教二-109,6,-
教二-109,7,-
教二-200,1,-1-2-3-6-7-8-9-
教二-200,2,-1-2-3-4-5-6-7-8-
教二-200,3,-1-2-6-7-8-9-10-11-12-
教二-200,4,-1-2-3-4-6-7-8-11-12-13-
教二-200,5,-1-2-3-4-6-7-
教二-200,6,-
教二-200,7,-
教二-201,1,-3-4-6-7-8-9-
教二-201,2,-1-2-3-4-6-7-8-9-11-12-13-
教二-201,3,-3-4-6-7-8-9-10-
教二-201,4,-1-2-3-4-6-7-8-
教二-201,5,-1-2-6-7-
教二-201,6,-1-2-3-4-5-6-7-8-
教二-201,7,-
教二-202,1,-1-2-3-4-5-6-7-8-9-11-12-
教二-202,2,-1-2-3-4-6-7-8-9-
教二-202,3,-1-2-3-4-5-6-7-8-
教二-202,4,-1-2-3-4-6-7-8-9-10-
教二-202,5,-1-2-3-4-6-7-
教二-202,6,-
教二-202,7,-
教二-203,1,-1-2-3-4-5-6-7-8-9-10-
教二-203,2,-1-2-3-4-6-7-8-9-10-11-12-
教二-203,3,-1-2-3-4-6-7-8-9-
教二-203,4,-3-4-6-7-8-9-11-12-
教二-203,5,-1-2-3-4-6-7-11-12-
教二-203,6,-3-4-
教二-203,7,-
教二-204,1,-1-2-3-4-5-6-7-8-9-
教二-204,2,-1-2-3-4-6-7-8-9-
教二-204,3,-1-2-6-7-8-11-12-13-
教二-204,4,-1-2-3-4-6-7-8-9-
教二-204,5,-1-2-3-4-6-7-
教二-204,6,-
教二-204,7,-
教二-205,1,-1-2-3-4-5-6-7-8-9-10-11-12-13-
教二-205,2,-1-2-3-4-6-7-8-9-10-11-12-13-
教二-205,3,-3-4-6-7-8-
教二-205,4,-1-2-3-4-6-7-8-9-10-
教二-205,5,-6-7-8-
教二-205,6,-
教二-205,7,-
教二-206,1,-1-2-3-4-6-7-8-
教二-206,2,-1-2-3-4-6-7-8-9-
教二-206,3,-1-2-3-4-6-7-8-9-
教二-206,4,-1-2-3-4-6-7-8-9-
教二-206,5,-1-2-3-4-6-7-
教二-206,6,-
教二-206,7,-
教二-207,1,-1-2-3-4-6-7-8-9-10-
教二-207,2,-1-2-3-4-5-6-7-8-
教二-207,3,-1-2-3-4-5-6-7-8-11-12-13-
教二-207,4,-3-4-5-6-7-8-9-
教二-207,5,-3-4-5-6-7-
教二-207,6,-3-4-
教二-207,7,-
教二-208,1,-1-2-3-4-6-7-8-9-10-
教二-208,2,-1-2-3-4-6-7-8-9-
教二-208,3,-1-2-3-4-6-7-8-9-
教二-208,4,-1-2-3-4-6-7-8-9-
教二-208,5,-1-2-3-4-6-7-
教二-208,6,-3-4-
教二-208,7,-
教二-209,1,-3-4-
教二-209,2,-
教二-209,3,-1-2-
教二-209,4,-
教二-209,5,-3-4-
教二-209,6,-
教二-209,7,-
教二-210,1,-1-2-3-4-5-6-7-8-
教二-210,2,-3-4-6-7-8-9-10-
教二-210,3,-1-2-3-4-5-6-7-
教二-210,4,-3-4-5-6-7-8-9-
教二-210,5,-6-7-8-9-10-
教二-210,6,-
教二-210,7,-
教二-212,1,-1-2-3-4-5-8-9-
教二-212,2,-3-4-5-8-9-10-
教二-212,3,-1-2-3-4-6-7-
教二-212,4,-1-2-3-4-6-7-8-9-
教二-212,5,-8-9-10-
教二-212,6,-
教二-212,7,-
教二-300,1,-3-4-5-6-7-
教二-300,2,-1-2-3-4-6-7-
教二-300,3,-2-3-4-6-7-8-9-
教二-300,4,-3-4-5-6-7-11-12-13-
教二-300,5,-6-7-
教二-300,6,-
教二-300,7,-
教二-301,1,-1-2-3-4-6-7-8-9-
教二-301,2,-1-2-3-4-6-7-8-9-10-
教二-301,3,-1-2-3-6-7-8-
教二-301,4,-1-2-3-4-6-7-8-9-10-
教二-301,5,-1-2-3-4-6-7-
教二-301,6,-
教二-301,7,-
教二-302,1,-1-2-3-4-6-7-8-9-
教二-302,2,-3-4-5-6-7-8-9-
教二-302,3,-1-2-3-6-7-
教二-302,4,-1-2-3-4-6-7-8-9-
教二-302,5,-
教二-302,6,-
教二-302,7,-
教二-303,1,-1-2-3-4-6-7-8-9-
教二-303,2,-3-4-6-7-8-9-
教二-303,3,-3-4-6-7-8-9-10-
教二-303,4,-3-4-6-7-
教二-303,5,-1-2-3-4-6-7-
教二-303,6,-
教二-303,7,-
教二-304,1,-1-2-3-4-5-6-7-8-9-
教二-304,2,-1-2-3-4-6-7-8-9-
教二-304,3,-1-2-3-4-5-6-7-
教二-304,4,-1-2-3-4-6-7-8-9-
教二-304,5,-3-4-5-8-9-
教二-304,6,-
教二-304,7,-
教二-305,1,-1-2-3-4-6-7-8-9-
教二-305,2,-1-2-3-4-6-7-8-9-
教二-305,3,-3-4-6-7-8-9-10-
教二-305,4,-1-2-3-4-6-7-8-9-10-
教二-305,5,-1-2-3-4-5-6-7-8-9-
教二-305,6,-
教二-305,7,-
教二-306,1,-1-2-3-4-5-6-7-8-9-
教二-306,2,-1-2-3-4-6-7-8-
教二-306,3,-1-2-3-4-6-7-8-9-
教二-306,4,-3-4-8-9-10-
教二-306,5,-1-2-3-4-5-6-7-8-9-10-
教二-306,6,-
教二-306,7,-
教二-307,1,-1-2-3-4-6-7-8-
教二-307,2,-1-2-3-4-6-7-
教二-307,3,-3-4-6-7-
教二-307,4,-1-2-3-4-5-6-7-8-9-
教二-307,5,-1-2-3-4-6-7-
教二-307,6,-
教二-307,7,-
教二-308,1,-1-2-3-4-5-6-7-8-9-
教二-308,2,-1-2-3-4-6-7-8-
教二-308,3,-3-4-5-6-7-
教二-308,4,-1-2-3-4-6-7-8-9-
教二-308,5,-1-2-3-4-5-6-7-8-
教二-308,6,-
教二-308,7,-
教二-310,1,-1-2-3-4-6-7-8-9-10-
教二-310,2,-1-2-3-4-6-7-8-
教二-310,3,-3-4-6-7-
教二-310,4,-1-2-3-4-5-6-7-8-9-
教二-310,5,-3-4-5-6-7-8-9-
教二-310,6,-
教二-310,7,-
教二-312,1,-1-2-3-4-5-6-7-8-9-
教二-312,2,-3-4-5-6-7-8-
教二-312,3,-3-4-6-7-8-
教二-312,4,-1-2-3-4-6-7-8-
教二-312,5,-1-2-3-4-5-6-7-8-
教二-312,6,-
教二-312,7,-
教二-400,1,-3-4-6-7-
教二-400,2,-3-4-6-7-8-9-
教二-400,3,-3-4-6-7-
教二-400,4,-1-2-3-4-6-7-
教二-400,5,-1-2-
教二-400,6,-
教二-400,7,-
教二-401,1,-3-4-6-7-8-9-
教二-401,2,-1-2-3-4-6-7-
教二-401,3,-3-4-5-6-7-8-
教二-401,4,-1-2-3-4-6-7-
教二-401,5,-1-2-3-4-6-7-8-
教二-401,6,-
教二-401,7,-
教二-402,1,-1-2-3-4-6-7-8-9-
教二-402,2,-3-4-6-7-8-
教二-402,3,-1-2-6-7-
教二-402,4,-1-2-3-4-8-9-10-
教二-402,5,-1-2-3-4-5-6-7-8-
教二-402,6,-
教二-402,7,-
教二-403,1,-1-2-3-4-
教二-403,2,-1-2-3-4-6-7-
教二-403,3,-3-4-5-8-9-10-
教二-403,4,-1-2-3-4-5-6-7-
教二-403,5,-3-4-6-7-
教二-403,6,-
教二-403,7,-
教二-404,1,-1-2-3-4-6-7-8-9-
教二-404,2,-1-2-3-4-5-6-7-8-
教二-404,3,-1-2-3-4-5-6-7-
教二-404,4,-1-2-3-4-6-7-8-9-10-
教二-404,5,-1-2-3-4-5-8-9-10-
教二-404,6,-6-7-8-
教二-404,7,-
教二-405,1,-1-2-3-4-6-7-8-9-
教二-405,2,-1-2-3-4-6-7-8-
教二-405,3,-3-4-
教二-405,4,-1-2-3-4-6-7-8-9-10-
教二-405,5,-1-2-3-4-5-6-7-
教二-405,6,-2-3-4-
教二-405,7,-
教二-406,1,-1-2-3-4-6-7-8-9-
教二-406,2,-1-2-3-4-6-7-8-
教二-406,3,-3-4-6-7-8-9-10-
教二-406,4,-1-2-3-4-6-7-8-9-
教二-406,5,-1-2-3-4-5-6-7-8-
教二-406,6,-
教二-406,7,-
教二-407,1,-3-4-6-7-8-
教二-407,2,-3-4-6-7-8-
教二-407,3,-3-4-6-7-
教二-407,4,-3-4-5-6-7-
教二-407,5,-1-2-3-4-6-7-
教二-407,6,-
教二-407,7,-
教二-408,1,-1-2-3-4-5-6-7-8-
教二-408,2,-3-4-6-7-8-9-
教二-408,3,-3-4-6-7-
教二-408,4,-1-2-3-4-5-6-7-8-9-
教二-408,5,-1-2-3-4-
教二-408,6,-
教二-408,7,-
教二-410,1,-1-2-3-4-6-7-8-9-
教二-410,2,-1-2-3-4-6-7-8-9-
教二-410,3,-3-4-6-7-
教二-410,4,-3-4-6-7-8-9-10-
教二-410,5,-3-4-5-6-7-
教二-410,6,-
教二-410,7,-
教二-412,1,-1-2-6-7-8-9-
教二-412,2,-1-2-3-4-6-7-8-9-
教二-412,3,-1-2-3-4-5-6-7-8-9-
教二-412,4,-1-2-3-4-6-7-8-9-
教二-412,5,-3-4-8-9-
教二-412,6,-
教二-412,7,-
教二-500,1,-3-4-5-
教二-500,2,-3-4-5-
教二-500,3,-
教二-500,4,-3-4-5-11-12-13-
教二-500,5,-
教二-500,6,-
教二-500,7,-
教二-501,1,-3-4-6-7-8-9-
教二-501,2,-1-2-3-4-5-6-7-8-
教二-501,3,-2-3-4-6-7-
教二-501,4,-3-4-6-7-8-
教二-501,5,-3-4-6-7-8-
教二-501,6,-
教二-501,7,-
教二-502,1,-3-4-6-7-8-9-
教二-502,2,-3-4-6-7-8-
教二-502,3,-1-2-3-4-6-7-
教二-502,4,-3-4-6-7-8-
教二-502,5,-3-4-8-9-
教二-502,6,-
教二-502,7,-
教二-503,1,-1-2-3-4-6-7-8-9-
教二-503,2,-3-4-5-6-7-8-
教二-503,3,-3-4-5-
教二-503,4,-3-4-6-7-8-9-10-
教二-503,5,-3-4-
教二-503,6,-
教二-503,7,-
教二-504,1,-3-4-6-7-8-
教二-504,2,-1-2-3-4-5-6-7-8-
教二-504,3,-3-4-6-7-
教二-504,4,-1-2-3-4-6-7-
教二-504,5,-3-4-
教二-504,6,-
教二-504,7,-
教二-505,1,-3-4-5-6-7-
教二-505,2,-3-4-6-7-8-9-
教二-505,3,-3-4-
教二-505,4,-1-2-3-4-6-7-8-
教二-505,5,-1-2-3-4-5-
教二-505,6,-
教二-505,7,-
教二-506,1,-3-4-6-7-8-9-
教二-506,2,-3-4-5-
教二-506,3,-1-2-3-4-5-6-7-
教二-506,4,-1-2-3-4-6-7-
教二-506,5,-3-4-
教二-506,6,-
教二-506,7,-
教二-507,1,-3-4-6-7-8-
教二-507,2,-3-4-6-7-
教二-507,3,-3-4-
教二-507,4,-3-4-6-7-
教二-507,5,-1-2-3-4-6-7-8-9-
教二-507,6,-2-3-4-5-
教二-507,7,-
教二-508,1,-3-4-5-6-7-
教二-508,2,-1-2-3-4-6-7-8-
教二-508,3,-3-4-5-6-7-8-
教二-508,4,-3-4-6-7-
教二-508,5,-3-4-
教二-508,6,-
教二-508,7,-
教二-510,1,-3-4-6-7-
教二-510,2,-3-4-5-6-7-8-9-10-
教二-510,3,-3-4-5-
教二-510,4,-1-2-3-4-5-6-7-
教二-510,5,-3-4-5-
教二-510,6,-
教二-510,7,-
教二-512,1,-6-7-8-
教二-512,2,-3-4-
教二-512,3,-3-4-
教二-512,4,-3-4-6-7-8-
教二-512,5,-3-4-8-9-
教二-512,6,-
教二-512,7,-
教八-101,1,-1-2-3-4-6-7-
教八-101,2,-1-2-3-4-5-6-7-8-9-10-
教八-101,3,-1-2-3-4-5-8-9-10-
教八-101,4,-1-2-3-4-6-7-
教八-101,5,-1-2-3-4-
教八-101,6,-
教八-101,7,-
教八-102,1,-1-2-3-4-6-7-
教八-102,2,-1-2-3-4-5-6-7-
教八-102,3,-1-2-3-4-
教八-102,4,-1-2-3-4-
教八-102,5,-1-2-3-4-6-7-8-9-10-
教八-102,6,-
教八-102,7,-
教八-103,1,-1-2-3-4-6-7-8-
教八-103,2,-1-2-3-4-6-7-8-9-10-
教八-103,3,-1-2-3-4-
教八-103,4,-1-2-3-4-
教八-103,5,-1-2-3-4-
教八-103,6,-
教八-103,7,-
教八-200,1,-3-4-6-7-
教八-200,2,-3-4-6-7-
教八-200,3,-3-4-11-12-
教八-200,4,-3-4-6-7-11-12-13-
教八-200,5,-3-4-
教八-200,6,-
教八-200,7,-
教八-201,1,-1-2-3-4-8-9-
教八-201,2,-1-2-3-4-6-7-8-
教八-201,3,-1-2-3-4-5-
教八-201,4,-1-2-3-4-
教八-201,5,-1-2-3-4-
教八-201,6,-
教八-201,7,-
教八-202,1,-1-2-3-4-6-7-
教八-202,2,-1-2-3-4-6-7-
教八-202,3,-1-2-3-4-
教八-202,4,-1-2-3-4-6-7-
教八-202,5,-1-2-3-4-
教八-202,6,-
教八-202,7,-
教八-203,1,-1-2-3-4-6-7-8-
教八-203,2,-1-2-3-4-6-7-8-
教八-203,3,-1-2-3-4-5-
教八-203,4,-1-2-3-4-
教八-203,5,-1-2-3-4-9-10-
教八-203,6,-
教八-203,7,-
教八-300,1,-1-2-3-4-6-7-
教八-300,2,-1-2-3-4-5-6-7-
教八-300,3,-1-2-3-4-6-7-8-9-
教八-300,4,-3-4-6-7-
教八-300,5,-3-4-5-6-7-
教八-300,6,-
教八-300,7,-
教八-301,1,-1-2-3-4-6-7-8-9-
教八-301,2,-1-2-3-4-6-7-8-
教八-301,3,-1-2-3-4-
教八-301,4,-1-2-3-4-
教八-301,5,-1-2-3-4-
教八-301,6,-
教八-301,7,-
教八-302,1,-1-2-3-4-6-7-
教八-302,2,-1-2-3-4-6-7-
教八-302,3,-1-2-3-4-
教八-302,4,-1-2-3-4-6-7-
教八-302,5,-1-2-3-4-
教八-302,6,-
教八-302,7,-
教八-303,1,-1-2-3-4-8-9-
教八-303,2,-1-2-3-4-5-6-7-8-9-10-
教八-303,3,-1-2-3-4-
教八-303,4,-1-2-3-4-
教八-303,5,-1-2-3-4-
教八-303,6,-
教八-303,7,-
教八-401,1,-1-2-3-4-
教八-401,2,-1-2-3-4-6-7-8-
教八-401,3,-1-2-3-4-
教八-401,4,-3-4-6-7-
教八-401,5,-1-2-3-4-
教八-401,6,-
教八-401,7,-
教八-402,1,-1-2-3-4-6-7-
教八-402,2,-1-2-3-4-6-7-
教八-402,3,-1-2-3-4-
教八-402,4,-3-4-6-7-
教八-402,5,-1-2-3-4-
教八-402,6,-
教八-402,7,-
教八-403,1,-1-2-3-4-
教八-403,2,-1-2-3-4-6-7-
教八-403,3,-1-2-3-4-
教八-403,4,-1-2-3-4-6-7-
教八-403,5,-1-2-3-4-
教八-403,6,-
教八-403,7,-
教六-101,1,-1-2-3-4-6-7-8-9-10-11-12-13-
教六-101,2,-1-2-3-4-6-7-8-11-12-
教六-101,3,-1-2-3-4-6-7-11-12-13-
教六-101,4,-1-2-3-4-8-9-10-11-12-
教六-101,5,-1-2-3-4-6-7-8-9-
教六-101,6,-
教六-101,7,-
教六-102,1,-1-2-3-4-6-7-8-11-12-
教六-102,2,-1-2-3-4-6-7-8-9-10-11-12-
教六-102,3,-1-2-3-4-6-7-8-9-10-
教六-102,4,-1-2-3-4-11-12-
教六-102,5,-1-2-3-4-6-7-
教六-102,6,-
教六-102,7,-
教六-103,1,-1-2-3-4-5-6-7-8-11-12-
教六-103,2,-1-2-3-4-6-7-8-
教六-103,3,-1-2-3-4-6-7-
教六-103,4,-1-2-3-4-5-8-9-10-11-12-
教六-103,5,-1-2-3-4-5-8-9-10-
教六-103,6,-
教六-103,7,-
教六-104,1,-1-2-3-4-8-9-11-12-
教六-104,2,-1-2-3-4-6-7-8-9-
教六-104,3,-1-2-3-4-6-7-
教六-104,4,-1-2-3-4-8-9-
教六-104,5,-1-2-3-4-6-7-8-
教六-104,6,-
教六-104,7,-
教六-201,1,-1-2-3-4-6-7-8-9-11-12-13-
教六-201,2,-1-2-3-4-6-7-8-9-11-12-
教六-201,3,-1-2-3-4-5-6-7-11-12-
教六-201,4,-1-2-3-4-8-9-10-
教六-201,5,-1-2-3-4-6-7-
教六-201,6,-
教六-201,7,-
教六-202,1,-1-2-3-4-6-7-8-9-11-12-13-
教六-202,2,-1-2-3-4-6-7-8-9-
教六-202,3,-1-2-3-4-5-6-7-
教六-202,4,-1-2-3-4-6-7-8-
教六-202,5,-1-2-3-4-6-7-8-9-
教六-202,6,-1-2-3-4-5-
教六-202,7,-
教六-204,1,-1-2-3-4-8-9-
教六-204,2,-1-2-3-4-
教六-204,3,-1-2-3-4-5-6-7-8-
教六-204,4,-1-2-3-4-
教六-204,5,-1-2-3-4-6-7-8-
教六-204,6,-
教六-204,7,-
教六-300,1,-1-2-3-4-5-
教六-300,2,-3-4-5-
教六-300,3,-3-4-11-12-
教六-300,4,-3-4-5-6-7-11-12-13-
教六-300,5,-3-4-
教六-300,6,-
教六-300,7,-
教六-301,1,-1-2-3-4-6-7-8-11-12-13-
教六-301,2,-1-2-3-4-6-7-8-
教六-301,3,-1-2-3-4-6-7-
教六-301,4,-2-3-4-6-7-
教六-301,5,-1-2-3-4-11-12-13-
教六-301,6,-
教六-301,7,-
教六-302,1,-1-2-3-4-6-7-8-
教六-302,2,-1-2-3-4-6-7-8-9-
教六-302,3,-1-2-3-4-
教六-302,4,-1-2-3-4-5-6-7-
教六-302,5,-1-2-3-4-6-7-8-
教六-302,6,-
教六-302,7,-
教六-303,1,-1-2-3-4-8-9-11-12-
教六-303,2,-1-2-3-4-6-7-8-9-
教六-303,3,-1-2-3-4-6-7-8-9-
教六-303,4,-1-2-3-4-6-7-8-9-10-11-12-
教六-303,5,-1-2-3-4-5-6-7-
教六-303,6,-
教六-303,7,-
教六-304,1,-1-2-3-4-6-7-8-9-
教六-304,2,-1-2-3-
教六-304,3,-1-2-4-5-6-7-8-
教六-304,4,-1-2-3-4-5-
教六-304,5,-1-2-3-4-5-
教六-304,6,-
教六-304,7,-
教六-400,1,-3-4-
教六-400,2,-3-4-6-7-
教六-400,3,-3-4-11-12-
教六-400,4,-3-4-6-7-8-11-12-13-
教六-400,5,-1-2-3-4-
教六-400,6,-
教六-400,7,-
教六-401,1,-1-2-3-4-6-7-8-9-
教六-401,2,-1-2-3-4-8-9-11-12-13-
教六-401,3,-1-2-3-4-8-9-10-
教六-401,4,-1-2-3-4-
教六-401,5,-1-2-3-4-
教六-401,6,-
教六-401,7,-
教六-402,1,-1-2-3-4-6-7-8-9-10-
教六-402,2,-1-2-3-4-5-6-7-8-9-10-
教六-402,3,-1-2-3-4-
教六-402,4,-1-2-3-4-
教六-402,5,-1-2-3-4-8-9-10-
教六-402,6,-
教六-402,7,-
教六-403,1,-1-2-3-4-6-7-8-9-10-
教六-403,2,-1-2-3-4-5-6-7-8-
教六-403,3,-1-2-3-4-
教六-403,4,-1-2-
教六-403,5,-1-2-3-4-
教六-403,6,-
教六-403,7,-
教四-101,1,-1-2-3-4-6-7-8-9-10-11-12-13-
教四-101,2,-1-2-3-4-6-7-8-
教四-101,3,-1-2-3-4-6-7-8-
教四-101,4,-1-2-3-4-5-6-7-8-9-10-11-12-13-
教四-101,5,-1-2-3-4-6-7-8-9-10-
教四-101,6,-
教四-101,7,-6-7-8-9-
教四-102,1,-1-2-3-4-6-7-11-12-13-
教四-102,2,-1-2-3-4-6-7-8-9-11-12-13-
教四-102,3,-1-2-3-4-6-7-8-9-
教四-102,4,-1-2-3-4-8-9-10-11-12-13-
教四-102,5,-1-2-3-4-6-7-8-9-
教四-102,6,-
教四-102,7,-3-4-
教四-103,1,-1-2-3-4-5-6-7-8-9-10-11-12-13-
教四-103,2,-1-2-3-4-5-6-7-8-9-10-11-12-13-
教四-103,3,-1-2-3-4-6-7-8-9-10-
教四-103,4,-1-2-3-4-6-7-8-9-10-11-12-13-
教四-103,5,-1-2-3-4-6-7-8-9-
教四-103,6,-
教四-103,7,-3-4-
教四-104,1,-1-2-6-7-8-9-10-11-12-13-
教四-104,2,-1-2-3-4-5-6-7-8-9-10-11-12-
教四-104,3,-3-4-6-7-11-12-
教四-104,4,-1-2-3-4-6-7-8-9-10-
教四-104,5,-1-2-3-4-8-9-10-
教四-104,6,-
教四-104,7,-
教四-200,1,-3-4-6-7-8-9-
教四-200,2,-3-4-5-6-7-11-12-13-
教四-200,3,-3-4-5-11-12-13-
教四-200,4,-3-4-6-7-11-12-13-
教四-200,5,-3-4-5-6-7-8-9-
教四-200,6,-
教四-200,7,-8-9-11-12-
教四-201,1,-1-2-3-4-6-7-8-11-12-13-
教四-201,2,-1-2-3-4-6-7-8-
教四-201,3,-1-2-3-4-5-6-7-8-9-
教四-201,4,-1-2-3-4-6-7-8-9-10-11-12-13-
教四-201,5,-1-2-3-4-6-7-8-9-10-
教四-201,6,-
教四-201,7,-3-4-
教四-202,1,-1-2-3-4-6-7-11-12-13-
教四-202,2,-1-2-3-4-6-7-8-9-10-11-12-13-
教四-202,3,-1-2-3-4-5-6-7-8-9-
教四-202,4,-1-2-3-4-8-9-10-11-12-13-
教四-202,5,-1-2-3-4-8-9-
教四-202,6,-
教四-202,7,-3-4-
教四-203,1,-1-2-3-4-6-7-8-9-10-11-12-13-
教四-203,2,-1-2-3-4-6-7-8-9-10-11-12-13-
教四-203,3,-1-2-3-4-6-7-8-9-
教四-203,4,-1-2-3-4-6-7-8-9-10-
教四-203,5,-1-2-3-4-5-6-7-8-
教四-203,6,-
教四-203,7,-3-4-
教四-204,1,-1-2-3-4-6-7-8-9-10-
教四-204,2,-1-2-3-4-6-7-8-9-11-12-
教四-204,3,-1-2-3-4-6-7-8-9-
教四-204,4,-1-2-3-4-5-8-9-11-12-13-
教四-204,5,-1-2-3-4-5-8-9-
教四-204,6,-
教四-204,7,-
教四-300,1,-3-4-6-7-8-9-
教四-300,2,-1-2-3-4-6-7-11-12-13-
教四-300,3,-3-4-5-6-7-
教四-300,4,-3-4-6-7-11-12-13-
教四-300,5,-3-4-6-7-
教四-300,6,-
教四-300,7,-
教四-301,1,-1-2-3-4-6-7-8-9-
教四-301,2,-1-2-3-4-6-7-8-9-
教四-301,3,-1-2-3-4-6-7-8-9-10-
教四-301,4,-1-2-3-4-6-7-8-9-10-
教四-301,5,-1-2-3-4-6-7-8-9-
教四-301,6,-
教四-301,7,-3-4-
教四-302,1,-1-2-3-4-8-9-11-12-13-
教四-302,2,-3-4-6-7-8-11-12-13-
教四-302,3,-1-2-3-4-6-7-8-9-
教四-302,4,-1-2-8-9-11-12-13-
教四-302,5,-1-2-3-4-6-7-8-9-10-
教四-302,6,-
教四-302,7,-3-4-
教四-303,1,-1-2-3-4-6-7-8-11-12-13-
教四-303,2,-1-2-3-4-6-7-8-11-12-13-
教四-303,3,-1-2-3-4-5-6-7-8-9-
教四-303,4,-1-2-3-4-6-7-11-12-13-
教四-303,5,-1-2-3-4-6-7-8-9-10-
教四-303,6,-
教四-303,7,-3-4-
教四-304,1,-1-2-3-4-8-9-11-12-13-
教四-304,2,-1-2-3-4-6-7-8-9-11-12-13-
教四-304,3,-1-2-3-4-6-7-
教四-304,4,-1-2-3-4-5-8-9-11-12-13-
教四-304,5,-1-2-3-4-5-
教四-304,6,-
教四-304,7,-
教四-400,1,-3-4-6-7-
教四-400,2,-1-2-3-4-6-7-8-9-11-12-13-
教四-400,3,-3-4-6-7-
教四-400,4,-1-2-3-4-5-6-7-
教四-400,5,-3-4-8-9-
教四-400,6,-
教四-400,7,-
教四-401,1,-1-2-3-4-5-6-7-8-11-12-13-
教四-401,2,-1-2-3-4-6-7-8-9-10-11-12-13-
教四-401,3,-1-2-3-4-5-6-7-8-9-10-
教四-401,4,-1-2-3-4-6-7-8-
教四-401,5,-1-2-3-4-8-9-10-
教四-401,6,-
教四-401,7,-3-4-
教四-402,1,-1-2-3-4-5-6-7-8-11-12-13-
教四-402,2,-1-2-3-4-6-7-11-12-
教四-402,3,-1-2-3-4-5-
教四-402,4,-1-2-3-4-6-7-8-11-12-13-
教四-402,5,-1-2-3-4-6-7-8-9-
教四-402,6,-
教四-402,7,-3-4-
教四-403,1,-1-2-3-4-6-7-8-9-11-12-13-
教四-403,2,-1-2-3-4-6-7-11-12-13-
教四-403,3,-1-2-3-4-6-7-
教四-403,4,-1-2-3-4-6-7-11-12-13-
教四-403,5,-1-2-3-4-6-7-8-
教四-403,6,-
教四-403,7,-
桃园排球场,1,-3-4-6-7-8-9-
桃园排球场,2,-6-7-8-9-
桃园排球场,3,-
桃园排球场,4,-3-4-6-7-8-9-
桃园排球场,5,-3-4-6-7-
桃园排球场,6,-
桃园排球场,7,-
桃园沙排场地,1,-
桃园沙排场地,2,-
桃园沙排场地,3,-
桃园沙排场地,4,-3-4-6-7-8-9-
桃园沙排场地,5,-
桃园沙排场地,6,-
桃园沙排场地,7,-
桃园田径场,1,-3-4-6-7-8-9-
桃园田径场,2,-3-4-6-7-8-9-10-
桃园田径场,3,-6-7-8-9-
桃园田径场,4,-3-4-6-7-8-9-10-
桃园田径场,5,-3-4-6-7-8-9-
桃园田径场,6,-
桃园田径场,7,-
桃园篮球场,1,-
桃园篮球场,2,-3-4-6-7-8-9-
桃园篮球场,3,-6-7-8-9-
桃园篮球场,4,-3-4-6-7-8-9-
桃园篮球场,5,-3-4-6-7-8-9-
桃园篮球场,6,-
桃园篮球场,7,-
梅园田径场,1,-3-4-6-7-
梅园田径场,2,-3-4-6-7-8-9-
梅园田径场,3,-6-7-8-9-
梅园田径场,4,-3-4-6-7-8-9-
梅园田径场,5,-3-4-6-7-8-9-
梅园田径场,6,-
梅园田径场,7,-
橘园田径场,1,-
橘园田径场,2,-
橘园田径场,3,-
橘园田径场,4,-3-4-6-7-8-9-
橘园田径场,5,-6-7-8-9-
橘园田径场,6,-
橘园田径场,7,-
电工电子中心（金智楼南楼）,1,-6-7-8-
电工电子中心（金智楼南楼）,2,-3-4-5-6-7-8-9-10-11-12-13-
电工电子中心（金智楼南楼）,3,-2-3-4-5-6-7-8-10-11-12-13-
电工电子中心（金智楼南楼）,4,-3-4-5-6-7-8-
电工电子中心（金智楼南楼）,5,-6-7-8-
电工电子中心（金智楼南楼）,6,-2-3-4-5-6-7-8-9-
电工电子中心（金智楼南楼）,7,-
网球场,1,-3-4-6-7-8-9-
网球场,2,-3-4-6-7-8-9-
网球场,3,-
网球场,4,-3-4-6-7-
网球场,5,-3-4-6-7-
网球场,6,-
网球场,7,-
计算机中心（金智楼北三楼）,1,-
计算机中心（金智楼北三楼）,2,-11-12-13-
计算机中心（金智楼北三楼）,3,-8-9-10-11-12-13-
计算机中心（金智楼北三楼）,4,-3-4-
计算机中心（金智楼北三楼）,5,-
计算机中心（金智楼北三楼）,6,-
计算机中心（金智楼北三楼）,7,-
